shop_name,city
安庆麦当劳华茂餐厅,安庆市
鞍山麦当劳五一路餐厅,鞍山市
鞍山麦当劳海城海洲大街餐厅,鞍山市
鞍山麦当劳民生路餐厅,鞍山市
鞍山麦当劳万达餐厅,鞍山市
百色麦当劳中山二路餐厅,百色市
河北麦当劳保定裕华路餐厅,保定市
河北麦当劳保定东风路餐厅,保定市
河北麦当劳涿州范阳西路餐厅,保定市
河北麦当劳保定朝阳南大街餐厅,保定市
河北麦当劳高碑店迎宾中路餐厅,保定市
保定麦当劳定州中山路时代广场餐厅,保定市
河北麦当劳保定建华大街餐厅,保定市
河北麦当劳保定阳光大街,保定市
保定麦当劳乐凯大街餐厅,保定市
涿州麦当劳范阳东路餐厅,保定市
河北麦当劳保定复兴路餐厅,保定市
宝鸡麦当劳经二路餐厅,宝鸡市
包头麦当劳文化路餐厅,包头市
包头麦当劳钢铁大街餐厅,包头市
包头麦当劳火车站餐厅,包头市
包头麦当劳为一购物广场餐厅,包头市
包头麦当劳九原区万达广场餐厅,包头市
四川麦当劳容邦国际餐厅,巴中市
北海麦当劳和安餐厅,北海市
北海麦当劳万达餐厅,北海市
北海麦当劳银滩中路餐厅,北海市
北海麦当劳四川路餐厅,北海市
北京麦当劳东大桥餐厅,北京市
北京麦当劳西单华威餐厅,北京市
北京麦当劳京宝餐厅,北京市
北京麦当劳劲松餐厅,北京市
北京麦当劳海淀餐厅,北京市
北京麦当劳古城餐厅,北京市
北京麦当劳白广路餐厅,北京市
北京麦当劳亚运村餐厅,北京市
北京麦当劳阜成门万通餐厅,北京市
北京麦当劳航天桥餐厅,北京市
北京麦当劳军博餐厅,北京市
北京麦当劳三里河餐厅,北京市
北京麦当劳洋桥餐厅,北京市
北京麦当劳国华餐厅,北京市
北京麦当劳建国门餐厅,北京市
北京麦当劳成府路餐厅,北京市
北京麦当劳丰台桥南餐厅,北京市
北京麦当劳芳城园餐厅,北京市
北京麦当劳甜水园餐厅,北京市
北京麦当劳苏州桥餐厅,北京市
北京麦当劳翠微路餐厅,北京市
北京麦当劳交道口餐厅,北京市
北京麦当劳团结湖餐厅,北京市
北京麦当劳双榆树餐厅,北京市
北京麦当劳怀柔餐厅,北京市
北京麦当劳昌平餐厅,北京市
北京麦当劳潘家园餐厅,北京市
北京麦当劳玉泉路餐厅,北京市
北京麦当劳右安门外餐厅,北京市
北京麦当劳和平街北口餐厅,北京市
北京麦当劳清河餐厅,北京市
北京麦当劳三元餐厅,北京市
北京麦当劳志新路餐厅,北京市
北京麦当劳大兴餐厅,北京市
北京麦当劳农光里餐厅,北京市
北京麦当劳定福庄餐厅,北京市
北京麦当劳德胜餐厅,北京市
北京麦当劳工体北路餐厅,北京市
北京麦当劳灯市口餐厅,北京市
北京麦当劳甘家口餐厅,北京市
北京麦当劳平谷餐厅,北京市
北京麦当劳华清餐厅,北京市
北京麦当劳顺义餐厅,北京市
北京麦当劳安贞餐厅,北京市
北京麦当劳安立路餐厅,北京市
北京麦当劳建金餐厅,北京市
北京麦当劳知春路餐厅,北京市
北京麦当劳北师大餐厅,北京市
北京麦当劳通州西门餐厅,北京市
北京麦当劳远大路餐厅,北京市
北京麦当劳花家地餐厅,北京市
北京麦当劳草桥餐厅,北京市
北京麦当劳幸福大街餐厅,北京市
北京麦当劳虎坊路餐厅,北京市
北京麦当劳北苑秋实路餐厅,北京市
北京麦当劳木樨园餐厅,北京市
北京麦当劳朝外餐厅,北京市
北京麦当劳朝阳路DT餐厅,北京市
北京麦当劳西单明珠餐厅,北京市
北京麦当劳九棵树餐厅,北京市
北京麦当劳望京中街餐厅,北京市
北京麦当劳展览路餐厅,北京市
北京麦当劳沙河餐厅,北京市
北京麦当劳广顺北餐厅,北京市
北京麦当劳工大桥餐厅,北京市
北京麦当劳后沙峪餐厅,北京市
北京麦当劳闵庄路DT餐厅,北京市
北京麦当劳回龙观西大街餐厅,北京市
北京麦当劳万源路餐厅,北京市
北京麦当劳双井桥餐厅,北京市
北京麦当劳杨林DT餐厅,北京市
北京麦当劳民族园路餐厅,北京市
北京麦当劳东四大街餐厅,北京市
北京麦当劳花园路北路餐厅,北京市
北京麦当劳石景山路餐厅,北京市
北京麦当劳密云鼓楼南大街餐厅,北京市
北京麦当劳芳菲路餐厅,北京市
北京麦当劳马家堡餐厅,北京市
北京麦当劳东直门外大街餐厅,北京市
北京麦当劳四道口餐厅,北京市
北京麦当劳新十里堡餐厅,北京市
北京麦当劳天通苑餐厅,北京市
北京麦当劳垡头西路餐厅,北京市
北京麦当劳健德桥餐厅,北京市
北京麦当劳顺义集汇大街餐厅,北京市
北京麦当劳宋家庄餐厅,北京市
北京麦当劳五棵松餐厅,北京市
北京麦当劳广安门外大街餐厅,北京市
北京麦当劳莲花池东路餐厅,北京市
北京麦当劳昊天大街餐厅,北京市
北京麦当劳新甜水园餐厅,北京市
北京麦当劳东苇路餐厅,北京市
北京麦当劳万柳餐厅,北京市
北京麦当劳丰台北路餐厅,北京市
北京麦当劳上地东二路餐厅,北京市
北京麦当劳杨闸环岛餐厅,北京市
北京麦当劳大羊坊路餐厅,北京市
北京麦当劳昌平鼓楼南街餐厅,北京市
北京麦当劳云岗路餐厅,北京市
北京麦当劳西四环南路餐厅,北京市
北京麦当劳兴华大街餐厅,北京市
北京麦当劳翠微二号餐厅,北京市
北京麦当劳祈年大街餐厅,北京市
北京麦当劳西苑餐厅,北京市
北京麦当劳中关村南大街餐厅,北京市
北京麦当劳石榴庄西街餐厅,北京市
北京麦当劳文化园西路餐厅,北京市
北京麦当劳前门西大街餐厅,北京市
北京麦当劳西大望路餐厅,北京市
北京麦当劳朝阳北路餐厅,北京市
北京麦当劳九棵树西路餐厅,北京市
北京麦当劳天通苑2餐厅,北京市
北京麦当劳大栅栏餐厅,北京市
北京麦当劳天坛东路餐厅,北京市
北京麦当劳定泗路餐厅,北京市
北京麦当劳清苑路餐厅,北京市
北京麦当劳朝阳路2餐厅,北京市
北京麦当劳兴华大街二号店餐厅,北京市
北京麦当劳西红门餐厅,北京市
北京麦当劳双峪路餐厅,北京市
北京麦当劳旧鼓楼餐厅,北京市
北京麦当劳滨河路餐厅,北京市
北京麦当劳香山餐厅,北京市
北京麦当劳文华路餐厅,北京市
北京麦当劳上地十街餐厅,北京市
北京麦当劳太阳宫餐厅,北京市
北京麦当劳西大望路南路餐厅,北京市
北京麦当劳金星西路餐厅,北京市
北京麦当劳梅市口路餐厅,北京市
北京麦当劳杏石口餐厅,北京市
北京麦当劳马驹桥餐厅,北京市
北京麦当劳房山北关餐厅,北京市
北京麦当劳莲宝路餐厅,北京市
北京麦当劳小西天餐厅,北京市
北京麦当劳北沙滩桥餐厅,北京市
北京麦当劳贯通路府前西街餐厅,北京市
北京麦当劳来广营东路得来速DT餐厅,北京市
北京麦当劳双桥路餐厅,北京市
北京麦当劳百子湾餐厅,北京市
北京麦当劳砂石场路DT餐厅,北京市
北京麦当劳基地中路餐厅,北京市
北京麦当劳马连道餐厅,北京市
北京麦当劳四惠餐厅,北京市
北京麦当劳南磨房餐厅,北京市
北京麦当劳拱辰大街餐厅,北京市
北京麦当劳昌平鼓楼南大街2餐厅,北京市
北京麦当劳三间房东路DT餐厅,北京市
北京麦当劳丰管路餐厅,北京市
北京麦当劳酒仙桥路餐厅,北京市
北京麦当劳育知东路餐厅,北京市
北京麦当劳田村路餐厅,北京市
北京麦当劳朝阳北路二餐厅,北京市
北京麦当劳高粱桥餐厅,北京市
北京麦当劳裕民大街餐厅,北京市
北京麦当劳潞苑南大街DT餐厅,北京市
北京麦当劳农大南路餐厅,北京市
北京麦当劳南三环东路餐厅,北京市
北京麦当劳广安路餐厅,北京市
北京麦当劳大窦路餐厅,北京市
北京麦当劳姚家园路餐厅,北京市
北京麦当劳次渠餐厅,北京市
北京麦当劳方庄南路餐厅,北京市
北京麦当劳信息路餐厅,北京市
北京麦当劳翠景北里餐厅,北京市
北京麦当劳迎宾中路餐厅,北京市
北京麦当劳槐房西路餐厅,北京市
北京麦当劳枣营南里餐厅,北京市
北京麦当劳苹果园南路餐厅,北京市
北京麦当劳平翔路餐厅,北京市
北京麦当劳北洼路餐厅,北京市
北京麦当劳东方东路餐厅,北京市
北京麦当劳丰葆路餐厅,北京市
北京麦当劳北清路餐厅,北京市
北京麦当劳东坝中路餐厅,北京市
北京麦当劳西潞南大街餐厅,北京市
北京麦当劳双桥东路DT餐厅,北京市
北京麦当劳政通路餐厅,北京市
北京麦当劳顺平路餐厅,北京市
北京麦当劳来广营西路DT餐厅,北京市
北京麦当劳长政南街餐厅,北京市
北京麦当劳忠凉路餐厅,北京市
北京麦当劳永兴路餐厅,北京市
北京麦当劳金沟河路餐厅,北京市
北京麦当劳芦花路DT餐厅,北京市
北京麦当劳小营路餐厅,北京市
北京麦当劳经海二路DT餐厅,北京市
北京麦当劳温泉餐厅,北京市
北京麦当劳宏福路餐厅,北京市
北京麦当劳槐房南路餐厅,北京市
北京麦当劳新源大街餐厅,北京市
北京麦当劳枣园路餐厅,北京市
北京麦当劳北清路二号餐厅,北京市
北京麦当劳康定街餐厅,北京市
北京麦当劳安立路二号餐厅,北京市
北京麦当劳前屯路餐厅,北京市
北京麦当劳前景路餐厅,北京市
北京麦当劳南湖南路餐厅,北京市
北京麦当劳和平里东街餐厅,北京市
北京麦当劳东石东一路餐厅,北京市
北京麦当劳安贞门餐厅,北京市
北京麦当劳学清路餐厅,北京市
北京麦当劳酒仙桥3号餐厅,北京市
北京麦当劳生命园路餐厅,北京市
北京麦当劳荣京西街餐厅,北京市
北京麦当劳红莲南路餐厅,北京市
北京麦当劳长阳镇二号DT餐厅,北京市
北京麦当劳青年路餐厅,北京市
北京麦当劳安立路3号餐厅,北京市
北京麦当劳东渠路餐厅,北京市
北京麦当劳香山南路餐厅,北京市
北京麦当劳西三旗餐厅,北京市
北京麦当劳北七家餐厅,北京市
北京麦当劳昌金路DT餐厅,北京市
北京麦当劳康辛路餐厅,北京市
北京麦当劳云景东路餐厅,北京市
北京麦当劳王府井大街餐厅,北京市
北京麦当劳新街口二号餐厅,北京市
北京麦当劳门头沟路餐厅,北京市
北京麦当劳育知西路餐厅,北京市
北京麦当劳杜家坎餐厅,北京市
北京麦当劳左安路餐厅,北京市
蚌埠麦当劳淮河路餐厅,蚌埠市
蚌埠麦当劳银泰城餐厅,蚌埠市
本溪麦当劳永丰街餐厅,本溪市
滨州麦当劳万达餐厅,滨州市
沧州麦当劳新华路餐厅,沧州市
河间麦当劳城恒路餐厅,沧州市
沧州麦当劳任丘会战道餐厅,沧州市
黄骅麦当劳琨洋餐厅,沧州市
沧州麦当劳荣盛餐厅,沧州市
沧州麦当劳泊头解放西路餐厅,沧州市
沧州麦当劳东兴路餐厅,沧州市
常德麦当劳万达广场餐厅,常德市
昌江麦当劳恒基广场餐厅,昌江黎族自治县
长沙麦当劳人民路餐厅,长沙市
长沙麦当劳芙蓉中路餐厅,长沙市
长沙麦当劳枫林路餐厅,长沙市
长沙麦当劳华夏路餐厅,长沙市
长沙麦当劳八一路餐厅,长沙市
长沙麦当劳司门口餐厅,长沙市
长沙麦当劳雨花亭餐厅,长沙市
长沙麦当劳星沙大道餐厅,长沙市
长沙麦当劳红星步步高餐厅,长沙市
长沙麦当劳友阿奥特莱斯餐厅,长沙市
长沙麦当劳万家丽锦湘DT餐厅,长沙市
长沙麦当劳登高路餐厅,长沙市
长沙麦当劳王家湾餐厅,长沙市
长沙麦当劳玉兰路餐厅,长沙市
长沙麦当劳金星中路餐厅,长沙市
长沙麦当劳南门口1662项目餐厅,长沙市
长沙麦当劳湘龙路餐厅,长沙市
长沙麦当劳沙湾路餐厅,长沙市
长沙麦当劳中建梅澜坊餐厅,长沙市
长沙麦当劳华创国际广场餐厅,长沙市
长沙麦当劳芙蓉中路松桂园餐厅,长沙市
长沙麦当劳劳动东路餐厅,长沙市
长沙麦当劳中建悦和城餐厅,长沙市
长沙麦当劳福元路餐厅,长沙市
山西麦当劳长治长兴中路餐厅,长治市
长治麦当劳万达广场餐厅,长治市
常州麦当劳火车站餐厅,常州市
常州麦当劳西瀛里餐厅,常州市
常州麦当劳万达餐厅,常州市
常州麦当劳恐龙园餐厅,常州市
常州麦当劳江南环球港餐厅,常州市
常州麦当劳溧阳万达餐厅,常州市
常州麦当劳路劲又一城餐厅,常州市
巢湖麦当劳万达广场餐厅,巢湖市
朝阳麦当劳朝阳万达餐厅,朝阳市
潮州麦当劳新桥东餐厅,潮州市
河北麦当劳承德新华路餐厅,承德市
四川麦当劳盐市口餐厅,成都市
成都麦当劳黄河餐厅,成都市
成都麦当劳双林餐厅,成都市
成都麦当劳文武路餐厅,成都市
成都麦当劳双桥子餐厅,成都市
成都麦当劳西大街餐厅,成都市
成都麦当劳国际社区餐厅,成都市
成都麦当劳万达餐厅,成都市
成都麦当劳软件园餐厅,成都市
成都麦当劳SM餐厅,成都市
四川麦当劳欢乐谷餐厅,成都市
四川麦当劳五桂桥客运站餐厅,成都市
成都麦当劳壹购广场餐厅,成都市
成都麦当劳伊藤双楠餐厅,成都市
成都麦当劳茶店子得来速餐厅,成都市
四川麦当劳奥特莱斯得来速餐厅,成都市
成都麦当劳银河博美DT餐厅,成都市
成都麦当劳青羊工业园DT餐厅,成都市
四川麦当劳国色天乡得来速餐厅,成都市
成都麦当劳来福士广场餐厅,成都市
成都麦当劳蓝光空港国际城餐厅,成都市
成都麦当劳金牛万达餐厅,成都市
成都麦当劳凯德魅力城餐厅,成都市
成都麦当劳磨子桥餐厅,成都市
成都麦当劳鹏瑞利广场餐厅,成都市
四川麦当劳新都桂湖摩尔百货餐厅,成都市
成都麦当劳珠江广场餐厅,成都市
成都麦当劳钻石广场餐厅,成都市
四川麦当劳华地财富广场餐厅,成都市
成都麦当劳国际商贸城三期DT餐厅,成都市
四川麦当劳郫县天之府得来速餐厅,成都市
四川麦当劳青羊万达餐厅,成都市
四川麦当劳郫县百伦广场餐厅,成都市
四川麦当劳青白江美程广场餐厅,成都市
成都麦当劳龙泉吾悦广场餐厅,成都市
四川麦当劳卓锦曼购中心餐厅,成都市
四川麦当劳崇州万达餐厅,成都市
四川麦当劳金科西路DT餐厅,成都市
四川麦当劳新城吾悦广场餐厅,成都市
四川麦当劳天府三街峰汇中心餐厅,成都市
成都麦当劳交子大道餐厅,成都市
成都麦当劳双流万顺路餐厅,成都市
成都麦当劳新津兴园三路餐厅,成都市
成都麦当劳高新府城大道餐厅,成都市
成都麦当劳永安路餐厅,成都市
成都麦当劳海滨购物中心餐厅,成都市
成都麦当劳天府新区剑南大道餐厅,成都市
成都麦当劳彭州清洋大道餐厅,成都市
成都麦当劳洗面桥街餐厅,成都市
成都麦当劳佳灵路餐厅,成都市
麦当劳麦乐送（华熙路店）,成都市
麦当劳麦乐送（新都大道店）,成都市
郴州麦当劳北湖餐厅,郴州市
郴州麦当劳国庆北路餐厅,郴州市
赤峰麦当劳西拉沐沦大街餐厅,赤峰市
滁州麦当劳苏宁广场餐厅,滁州市
滁州麦当劳万达广场餐厅,滁州市
大连麦当劳华联餐厅,大连市
大连麦当劳黑石礁餐厅,大连市
大连麦当劳华南餐厅,大连市
大连麦当劳开发区昌临餐厅,大连市
大连麦当劳鲁迅路餐厅,大连市
大连麦当劳桃源餐厅,大连市
大连麦当劳科技谷餐厅,大连市
大连麦当劳软件园DT餐厅,大连市
大连麦当劳金州大林路餐厅,大连市
大连麦当劳天河广场餐厅,大连市
大连麦当劳旅顺黄河路餐厅,大连市
大连麦当劳和平广场餐厅,大连市
大连麦当劳珠江路DT餐厅,大连市
大连麦当劳滨海路DT餐厅,大连市
大连麦当劳华北路DT餐厅,大连市
大连麦当劳金州胜利路得来速餐厅,大连市
大连麦当劳海防街餐厅,大连市
大连麦当劳瓦房店世纪广场餐厅,大连市
大连麦当劳虹城路得来速餐厅,大连市
大连麦当劳庄河延安路餐厅,大连市
大连麦当劳金石路得来速餐厅,大连市
大连麦当劳普兰店商业大街餐厅,大连市
大连麦当劳解放路IS美辰百货餐厅,大连市
大连麦当劳西南路得来速餐厅,大连市
大连麦当劳张前路DT餐厅,大连市
大连麦当劳数码路IS餐厅,大连市
大连麦当劳虹韵路万达餐厅,大连市
大连麦当劳汇泉路DT餐厅,大连市
大连麦当劳国际会议中心餐厅,大连市
大连麦当劳赤峰街DT餐厅,大连市
大连麦当劳黄浦路锦辉餐厅,大连市
大连麦当劳万科城市之光餐厅,大连市
大连麦当劳马栏广场餐厅,大连市
大连麦当劳春柳友谊购物中心餐厅,大连市
大连麦当劳观涛路河口湾餐厅,大连市
大连麦当劳香一街餐厅,大连市
大连麦当劳联合路餐厅,大连市
丹东麦当劳金海得来速餐厅,丹东市
丹东麦当劳东港华悦餐厅,丹东市
丹东麦当劳丹东万达餐厅,丹东市
大庆麦当劳昆仑唐人中心餐厅,大庆市
大庆麦当劳学伟鑫诚餐厅,大庆市
大庆麦当劳乘风新玛特餐厅,大庆市
大庆麦当劳华峻购物广场餐厅,大庆市
山西麦当劳大同教场街餐厅,大同市
山西麦当劳大同永泰广场DT餐厅,大同市
山西麦当劳大同万达广场餐厅,大同市
大同麦当劳魏都大道爱琴海餐厅,大同市
达州麦当劳汉兴街餐厅,达州市
四川麦当劳德阳长江西路餐厅,德阳市
四川麦当劳德阳万达广场餐厅,德阳市
德州麦当劳万达餐厅,德州市
东莞麦当劳向阳餐厅,东莞
东莞麦当劳太平餐厅,东莞
东莞麦当劳塘厦餐厅,东莞
东莞麦当劳石碣餐厅,东莞
东莞麦当劳花园餐厅,东莞
东莞麦当劳清溪餐厅,东莞
东莞麦当劳雍华庭餐厅,东莞
东莞麦当劳大岭山餐厅,东莞
东莞麦当劳汇联餐厅,东莞
东莞麦当劳万江餐厅,东莞
东莞麦当劳金汇餐厅,东莞
东莞麦当劳虎门餐厅,东莞
东莞麦当劳星河传说得来速餐厅,东莞
东莞麦当劳长安明珠广场餐厅,东莞
东莞麦当劳桥头得来速餐厅,东莞
东莞麦当劳塘厦东港城DT餐厅,东莞
东莞麦当劳常平海霞DT餐厅,东莞
东莞麦当劳厚街明丰餐厅,东莞
东莞麦当劳时尚岛餐厅,东莞
东莞麦当劳黄江富康餐厅,东莞
东莞麦当劳蓓蕾餐厅,东莞
东莞麦当劳东坑中兴餐厅,东莞
东莞麦当劳科技路餐厅,东莞
东莞麦当劳寮步得来速餐厅,东莞
东莞麦当劳凤岗三正得来速餐厅,东莞
东莞麦当劳康乐餐厅,东莞
东莞麦当劳东城大道得来速餐厅,东莞
东莞麦当劳富民大道得来速餐厅,东莞
东莞麦当劳泰和餐厅,东莞
东莞麦当劳松湖中心餐厅,东莞
东莞麦当劳莞穗路得来速餐厅,东莞
东莞麦当劳长青路餐厅,东莞
东莞麦当劳东骏路餐厅,东莞
东莞麦当劳龙平南路餐厅,东莞
东莞麦当劳高埗餐厅,东莞
东莞麦当劳迎宾大道得来速餐厅,东莞
东莞麦当劳蛟坪路DT餐厅,东莞
东莞麦当劳麻涌餐厅,东莞
东莞麦当劳沙田大道得来速餐厅,东莞
东莞麦当劳富康路餐厅,东莞
东莞麦当劳寮步香市路餐厅,东莞
东莞麦当劳康乐北路餐厅,东莞
东莞麦当劳银龙南路餐厅,东莞
麦当劳麦乐送（茶山店）,东莞
东营麦当劳振华餐厅,东营市
东营麦当劳济南路餐厅,东营市
东营麦当劳万达东城餐厅,东营市
鄂尔多斯麦当劳康巴什新区餐厅,鄂尔多斯市
鄂尔多斯麦当劳东胜大广场餐厅,鄂尔多斯市
江门麦当劳恩平新平中路餐厅,恩平市
湖北麦当劳鄂州南浦路餐厅,鄂州市
佛山麦当劳大良盈建餐厅,佛山市
佛山麦当劳顺德容奇餐厅,佛山市
佛山麦当劳大沥餐厅,佛山市
佛山麦当劳丽园广场餐厅,佛山市
佛山麦当劳南海城市广场餐厅,佛山市
佛山麦当劳平洲餐厅,佛山市
佛山麦当劳三水西侨餐厅,佛山市
佛山麦当劳黄岐商业街餐厅,佛山市
佛山麦当劳乐从餐厅,佛山市
佛山麦当劳高明时代广场餐厅,佛山市
佛山麦当劳龙江餐厅,佛山市
佛山麦当劳季华好又多餐厅,佛山市
佛山麦当劳三水广场餐厅,佛山市
佛山麦当劳容桂天佑城餐厅,佛山市
佛山麦当劳西樵金典广场餐厅,佛山市
佛山麦当劳勒流得来速餐厅,佛山市
佛山麦当劳陈村顺联餐厅,佛山市
佛山麦当劳桂城财汇大厦餐厅,佛山市
佛山麦当劳广佛DT餐厅,佛山市
佛山麦当劳北窖DT餐厅,佛山市
佛山麦当劳张槎新一佳餐厅,佛山市
佛山麦当劳大良兴顺得来速餐厅,佛山市
佛山麦当劳海八路得来速餐厅,佛山市
佛山麦当劳南庄吉利得来速餐厅,佛山市
佛山麦当劳南海盐步餐厅,佛山市
佛山麦当劳顺德伦教得来速餐厅,佛山市
佛山麦当劳九江餐厅,佛山市
佛山麦当劳大沥禅炭路得来速餐厅,佛山市
佛山麦当劳里水餐厅,佛山市
佛山麦当劳灯湖东路得来速餐厅,佛山市
佛山麦当劳大良新桂路餐厅,佛山市
佛山麦当劳季华五路餐厅,佛山市
佛山麦当劳容桂客运站得来速餐厅,佛山市
佛山麦当劳松岗得来速餐厅,佛山市
佛山麦当劳北窖人昌路餐厅,佛山市
佛山麦当劳季华东路餐厅,佛山市
佛山麦当劳黄岐建设大道餐厅,佛山市
佛山麦当劳里广路得来速餐厅,佛山市
佛山麦当劳均安鹤峰路得来速餐厅,佛山市
佛山麦当劳狮山狮城路得来速餐厅,佛山市
佛山麦当劳罗村府前路餐厅,佛山市
佛山麦当劳同济东得来速餐厅,佛山市
佛山麦当劳杏龙路得来速餐厅,佛山市
佛山麦当劳江湾三路餐厅,佛山市
佛山麦当劳乐从大道餐厅,佛山市
佛山麦当劳佛山火车站餐厅,佛山市
佛山麦当劳狮山博爱路餐厅,佛山市
佛山麦当劳百安南路得来速餐厅,佛山市
佛山麦当劳南港路餐厅,佛山市
佛山麦当劳勒流西连路得来速餐厅,佛山市
佛山麦当劳南海桂澜北路餐厅,佛山市
佛山麦当劳九江沙龙路得来速餐厅,佛山市
佛山麦当劳龙峰大道餐厅,佛山市
佛山麦当劳桂和路得来速餐厅,佛山市
佛山麦当劳北滘泰宁西路得来速餐厅,佛山市
佛山麦当劳丹灶丹横路得来速餐厅,佛山市
佛山麦当劳穗盐路得来速餐厅,佛山市
佛山麦当劳佛山大道得来速餐厅,佛山市
佛山麦当劳和顺大道得来速餐厅,佛山市
佛山麦当劳南海黄岐建设大道第二餐厅,佛山市
佛山麦当劳三水西青大道餐厅,佛山市
佛山麦当劳季华西路得来速餐厅,佛山市
佛山麦当劳官窑永安大道东餐厅,佛山市
佛山麦当劳碧桂园大道餐厅,佛山市
佛山麦当劳魁奇一路餐厅,佛山市
抚顺麦当劳东一路餐厅,抚顺市
抚顺麦当劳新华大街乐都汇餐厅,抚顺市
抚顺麦当劳沈抚大道万科餐厅,抚顺市
阜新麦当劳万达餐厅,阜新市
阜阳麦当劳颍州路餐厅,阜阳市
阜阳麦当劳颍河西路时代广场餐厅,阜阳市
阜阳麦当劳颍上幸福广场餐厅,阜阳市
福州麦当劳五四北餐厅,福州市
福州麦当劳福清小桥餐厅,福州市
福州麦当劳五里亭餐厅,福州市
福州麦当劳元洪城餐厅,福州市
福州麦当劳大利嘉餐厅,福州市
福州麦当劳远景豪庭餐厅,福州市
福州麦当劳好运餐厅,福州市
福州麦当劳群升餐厅,福州市
福州麦当劳长乐DT餐厅,福州市
福州麦当劳上三路餐厅,福州市
福州麦当劳长乐长山湖餐厅,福州市
福州麦当劳金山大道DT餐厅,福州市
福州麦当劳鳌峰餐厅,福州市
福州麦当劳浦上大道餐厅,福州市
福州麦当劳金洲南路餐厅,福州市
福州麦当劳闽侯国宾大道DT餐厅,福州市
福州麦当劳盛世茶亭餐厅,福州市
福州麦当劳秀峰路餐厅,福州市
福州麦当劳杨桥东餐厅,福州市
福州麦当劳乌山西路餐厅,福州市
福州麦当劳甘洪路餐厅,福州市
福州麦当劳五四中餐厅,福州市
福州麦当劳江滨东DT餐厅,福州市
福州麦当劳清昌大道餐厅,福州市
福州麦当劳西客站餐厅,福州市
福州麦当劳福清福政路餐厅,福州市
福州麦当劳连江马祖路餐厅,福州市
福州麦当劳燎原路餐厅,福州市
福州麦当劳化工路餐厅,福州市
福州麦当劳首山餐厅,福州市
福州麦当劳则徐大道FSDT餐厅,福州市
福州麦当劳马尾罗星路餐厅,福州市
福州麦当劳软件园得来速餐厅,福州市
福州麦当劳工业路红星美凯龙餐厅,福州市
福州麦当劳盘屿路餐厅,福州市
福州麦当劳金榕北路餐厅,福州市
福州麦当劳南后街餐厅,福州市
福州麦当劳恒力博纳餐厅,福州市
福州麦当劳长乐金港路餐厅,福州市
福州麦当劳铜盘路餐厅,福州市
福州麦当劳永泰上马路餐厅,福州市
福州麦当劳福马路DT餐厅,福州市
福州麦当劳闽侯昙石山大道餐厅,福州市
赣州麦当劳赣江源大道餐厅,赣州
四川麦当劳广元万达广场餐厅,广元市
广元麦当劳图腾海博春天餐厅,广元市
广州麦当劳人民中路餐厅,广州市
广州麦当劳五羊新城餐厅,广州市
广州麦当劳江南酒店餐厅,广州市
广州麦当劳番禺宾馆餐厅,广州市
广州麦当劳小北路餐厅,广州市
广州麦当劳天津大厦餐厅,广州市
广州麦当劳开发区餐厅,广州市
广州麦当劳天河购物中心分餐厅,广州市
广州麦当劳东方时代广场餐厅,广州市
麦当劳麦乐送（华厦康隆店）,广州市
广州麦当劳宜安广场餐厅,广州市
广州麦当劳华南影都餐厅,广州市
广州麦当劳中唱大厦餐厅,广州市
广州麦当劳新港西路餐厅,广州市
广州麦当劳黄埔云樯大厦餐厅,广州市
广州麦当劳海印广场餐厅,广州市
广州麦当劳宝山大厦餐厅,广州市
广州麦当劳东川路餐厅,广州市
广州麦当劳信德商务大厦餐厅,广州市
广州麦当劳名汇商城餐厅,广州市
广州麦当劳流花宾馆餐厅,广州市
广州麦当劳中信广场餐厅,广州市
广州麦当劳西村餐厅,广州市
广州麦当劳赤岗餐厅,广州市
广州麦当劳王府井餐厅,广州市
广州麦当劳从化新世纪广场餐厅,广州市
广州麦当劳增城麦当劳新塘餐厅,广州市
广州麦当劳中山八路餐厅,广州市
广州麦当劳金融大厦餐厅,广州市
广州麦当劳广东对外经贸大厦餐厅,广州市
广州麦当劳东圃餐厅,广州市
广州麦当劳伟诚广场餐厅,广州市
广州麦当劳海珠广场餐厅,广州市
广州麦当劳百利华庭餐厅,广州市
广州麦当劳富景花园餐厅,广州市
广州麦当劳宝岗餐厅,广州市
广州麦当劳金田花苑餐厅,广州市
广州麦当劳石溪餐厅,广州市
麦当劳麦乐送（下渡路店）,广州市
广州麦当劳芳村餐厅,广州市
广州麦当劳新市餐厅,广州市
广州麦当劳繁华路餐厅,广州市
广州麦当劳都市广场餐厅,广州市
广州麦当劳开创路餐厅,广州市
广州麦当劳龟岗大马路餐厅,广州市
广州麦当劳洛溪商业中心餐厅,广州市
广州麦当劳龙洞餐厅,广州市
广州麦当劳五山餐厅,广州市
广州麦当劳凤凰城DT餐厅,广州市
广州麦当劳洛溪DT餐厅,广州市
广州麦当劳儿童公园餐厅,广州市
广州麦当劳总统大酒店,广州市
广州麦当劳沙河宾馆餐厅,广州市
广州麦当劳东晓南路餐厅,广州市
广州麦当劳嘉禾DT餐厅,广州市
广州麦当劳北亭广场得来速餐厅,广州市
广州麦当劳沙步餐厅,广州市
广州麦当劳番禺桥南得来速餐厅,广州市
广州麦当劳大石城商业中心餐厅,广州市
广州麦当劳花都公益路餐厅,广州市
广州麦当劳黄石得来速餐厅,广州市
广州麦当劳人和餐厅,广州市
广州麦当劳狮岭合成餐厅,广州市
广州麦当劳钟村得来速餐厅,广州市
广州麦当劳南沙金洲餐厅,广州市
广州麦当劳粤垦路餐厅,广州市
广州麦当劳同和圣地餐厅,广州市
广州麦当劳龙珠路餐厅,广州市
广州麦当劳棠下餐厅,广州市
广州麦当劳新塘港口大道北餐厅,广州市
广州麦当劳花城大道餐厅,广州市
广州麦当劳迎宾路又一城餐厅,广州市
广州麦当劳兴业路餐厅,广州市
广州麦当劳石井餐厅,广州市
广州麦当劳丰乐南路餐厅,广州市
广州麦当劳永泰得来速餐厅,广州市
广州麦当劳墩和餐厅,广州市
广州麦当劳西城路餐厅,广州市
广州麦当劳恩宁路餐厅,广州市
广州麦当劳云城东路餐厅,广州市
广州麦当劳广东国际大厦餐厅,广州市
广州麦当劳华穗路餐厅,广州市
广州麦当劳长兴路餐厅,广州市
广州麦当劳棠溪餐厅,广州市
广州麦当劳新港中路餐厅,广州市
广州麦当劳江南大道南餐厅,广州市
广州麦当劳松南路餐厅,广州市
广州麦当劳增城府佑路餐厅,广州市
广州麦当劳中二横路餐厅,广州市
广州麦当劳新塘客运站餐厅,广州市
广州麦当劳光明北得来速餐厅,广州市
广州麦当劳西环路得来速餐厅,广州市
广州麦当劳新塘新新大道岗丰得来速餐厅,广州市
广州麦当劳梅山大道餐厅,广州市
广州麦当劳番禺福德路餐厅,广州市
广州麦当劳黄石北路餐厅,广州市
广州麦当劳燕岭路餐厅,广州市
广州麦当劳先烈中餐厅,广州市
广州麦当劳广园西路第二餐厅,广州市
广州麦当劳广州大道北餐厅,广州市
广州麦当劳江高餐厅,广州市
广州麦当劳番禺大石第二餐厅,广州市
广州麦当劳狮岭盘古路餐厅,广州市
广州麦当劳昌岗中路餐厅,广州市
广州麦当劳三元里大道餐厅,广州市
广州麦当劳西槎路餐厅,广州市
广州麦当劳东漖南路餐厅,广州市
广州麦当劳华观路得来速餐厅,广州市
广州麦当劳秀全大道餐厅,广州市
广州麦当劳黄埔大道西餐厅,广州市
广州麦当劳东华DT餐厅,广州市
广州麦当劳南环路得来速餐厅,广州市
广州麦当劳黄村大道路餐厅,广州市
广州麦当劳开源大道东荟城得来速餐厅,广州市
广州麦当劳汉溪大道东餐厅,广州市
广州麦当劳东漖北路餐厅,广州市
广州麦当劳市南路得来速餐厅,广州市
广州麦当劳太和中路餐厅,广州市
广州麦当劳从城大道餐厅,广州市
广州麦当劳龙溪中路得来速餐厅,广州市
广州麦当劳虎门大桥收费站北DT餐厅,广州市
广州麦当劳花都天贵路得来速餐厅,广州市
广州麦当劳广州大道北第三餐厅,广州市
广州麦当劳宝业路餐厅,广州市
广州麦当劳开源大道第二餐厅,广州市
广州麦当劳天源路餐厅,广州市
广州麦当劳新港东路第二餐厅,广州市
广州麦当劳新港东路第三餐厅,广州市
广州麦当劳兴南大道餐厅,广州市
广州麦当劳黄埔东路第二餐厅,广州市
广州麦当劳广深大道得来速第二餐厅,广州市
广州麦当劳工业大道南餐厅,广州市
广州麦当劳曙光路餐厅,广州市
广州麦当劳钟村第二餐厅,广州市
广州麦当劳新业路得来速餐厅,广州市
广州麦当劳鸿福路餐厅,广州市
广州麦当劳东平中路餐厅,广州市
广州麦当劳陈家林路餐厅,广州市
广州麦当劳黄石东路餐厅,广州市
广州麦当劳萝岗九龙大道得来速餐厅,广州市
广州麦当劳开泰大道得来速餐厅,广州市
广州麦当劳石沙路餐厅,广州市
广州麦当劳黄金大道得来速餐厅,广州市
广州麦当劳猎德大道餐厅,广州市
广州麦当劳盛兴大街餐厅,广州市
广州麦当劳碧桂大道餐厅,广州市
广州麦当劳开萝大道餐厅,广州市
广州麦当劳新新大道合景得来速餐厅,广州市
广州麦当劳石北工业路餐厅,广州市
广州麦当劳革新路餐厅,广州市
广州麦当劳金沙洲路餐厅,广州市
广州麦当劳大源中路餐厅,广州市
广州麦当劳亚运大道得来速餐厅,广州市
广州麦当劳鹤洞路餐厅,广州市
贵港麦当劳平南朝阳路餐厅,贵港市
贵港麦当劳步步高餐厅,贵港市
贵港麦当劳万达餐厅,贵港市
贵港麦当劳维多利亚得来速餐厅,贵港市
桂林麦当劳十字街餐厅,桂林市
桂林麦当劳环城西一路联达餐厅,桂林市
桂林麦当劳漓江餐厅,桂林市
桂林麦当劳益田西街阳朔餐厅,桂林市
桂林麦当劳西城南路餐厅,桂林市
贵阳麦当劳中华南路餐厅,贵阳市
贵阳麦当劳清溪路餐厅,贵阳市
贵阳麦当劳延安西路餐厅,贵阳市
贵阳麦当劳诚信北路餐厅,贵阳市
贵阳麦当劳黄河北路餐厅,贵阳市
贵阳麦当劳达高路餐厅,贵阳市
贵阳麦当劳延安南路餐厅,贵阳市
贵阳麦当劳花果园大街餐厅,贵阳市
哈尔滨麦当劳中央大街餐厅,哈尔滨市
哈尔滨麦当劳江南春餐厅,哈尔滨市
哈尔滨麦当劳金太阳餐厅,哈尔滨市
哈尔滨麦当劳红博餐厅,哈尔滨市
哈尔滨麦当劳慧海餐厅,哈尔滨市
哈尔滨麦当劳乐松餐厅,哈尔滨市
哈尔滨麦当劳香坊万达餐厅,哈尔滨市
哈尔滨麦当劳南通大街餐厅,哈尔滨市
哈尔滨麦当劳安阳路餐厅,哈尔滨市
哈尔滨麦当劳中兴大道餐厅,哈尔滨市
哈尔滨麦当劳哈西万达餐厅,哈尔滨市
哈尔滨麦当劳红旗大街餐厅,哈尔滨市
哈尔滨麦当劳松北万达茂餐厅,哈尔滨市
哈尔滨麦当劳嗨梦DT餐厅,哈尔滨市
哈尔滨麦当劳群力大道DT餐厅,哈尔滨市
哈尔滨麦当劳王府井泛乐城购物中心餐厅,哈尔滨市
哈尔滨麦当劳西大直街餐厅,哈尔滨市
海口麦当劳东方广场餐厅,海口市
海口麦当劳京江广场得来速餐厅,海口市
海口麦当劳国贸餐厅,海口市
海口麦当劳盛达景都得来速餐厅,海口市
海口麦当劳金棕榈餐厅,海口市
海口麦当劳海甸城餐厅,海口市
海口麦当劳万达广场餐厅,海口市
海口麦当劳灵山绿地城餐厅,海口市
海口麦当劳王府井餐厅,海口市
海口麦当劳金鼎路得来速餐厅,海口市
海口麦当劳海垦广场餐厅,海口市
海口麦当劳喜盈门餐厅,海口市
海口麦当劳紫荆百货餐厅,海口市
海口麦当劳世贸雅苑餐厅,海口市
海口麦当劳红城湖广场餐厅,海口市
邯郸麦当劳和平路餐厅,邯郸市
邯郸麦当劳滏东大街餐厅,邯郸市
杭州麦当劳黄龙餐厅,杭州市
杭州麦当劳涌金餐厅,杭州市
杭州麦当劳朝晖餐厅,杭州市
杭州麦当劳利群餐厅,杭州市
杭州麦当劳文三餐厅,杭州市
杭州麦当劳龙禧得来速餐厅,杭州市
杭州麦当劳四季青餐厅,杭州市
杭州麦当劳萧山南环路文源餐厅,杭州市
杭州麦当劳星光大道餐厅,杭州市
杭州麦当劳物美餐厅,杭州市
杭州麦当劳和平会展中心餐厅,杭州市
杭州麦当劳文三华星餐厅,杭州市
杭州麦当劳萧山金城餐厅,杭州市
杭州麦当劳新华路步步高餐厅,杭州市
杭州麦当劳新加坡科技园餐厅,杭州市
杭州麦当劳萧山明新DT餐厅,杭州市
杭州麦当劳丰庆路世纪联华餐厅,杭州市
杭州麦当劳学林街餐厅,杭州市
杭州麦当劳临安钱王街餐厅,杭州市
杭州麦当劳杭州运河上街餐厅,杭州市
杭州麦当劳下沙物美餐厅,杭州市
杭州麦当劳天目山路汽车西站餐厅,杭州市
杭州麦当劳汽车北站餐厅,杭州市
杭州麦当劳德胜东路餐厅,杭州市
杭州麦当劳北部软件园祥园路餐厅,杭州市
杭州麦当劳中大银泰城东新路餐厅,杭州市
杭州麦当劳浦沿路物美餐厅,杭州市
杭州麦当劳庆春路餐厅,杭州市
杭州麦当劳江南大道中南餐厅,杭州市
杭州麦当劳萧山中兴广场餐厅,杭州市
杭州麦当劳金街美地餐厅,杭州市
杭州麦当劳未来城高教路餐厅,杭州市
杭州麦当劳滨江星耀城餐厅,杭州市
杭州麦当劳迪凯银座餐厅,杭州市
杭州麦当劳世贸丽晶城餐厅,杭州市
杭州麦当劳滨江鑫都汇餐厅,杭州市
杭州麦当劳余杭荷禹路餐厅,杭州市
杭州麦当劳荆余路餐厅,杭州市
杭州麦当劳盛德国际DT餐厅,杭州市
杭州麦当劳杭海路第三餐厅,杭州市
杭州麦当劳余杭五常大道餐厅,杭州市
杭州麦当劳城北新天地餐厅,杭州市
杭州麦当劳滨江东冠路餐厅,杭州市
杭州麦当劳滨江中南乐游城餐厅,杭州市
杭州麦当劳西溪谷餐厅,杭州市
杭州麦当劳萧山空港城餐厅,杭州市
临平麦当劳华元欢乐城餐厅,杭州市
杭州麦当劳富阳达夫路餐厅,杭州市
杭州麦当劳富阳迎宾路餐厅,杭州市
浙江麦当劳萧山皓月路餐厅,杭州市
杭州麦当劳古墩路餐厅,杭州市
杭州麦当劳501餐厅,杭州市
杭州麦当劳天都城餐厅,杭州市
杭州麦当劳余杭万达广场餐厅,杭州市
麦当劳麦乐送（瑞谷中心店）,杭州市
西安麦当劳汉中太白路餐厅,汉中市
合肥麦当劳乐普生餐厅,合肥市
合肥麦当劳曙光餐厅,合肥市
合肥麦当劳长江中路餐厅,合肥市
合肥麦当劳太湖路餐厅,合肥市
合肥麦当劳站前路餐厅,合肥市
合肥麦当劳长江西路DT餐厅,合肥市
合肥麦当劳包河万达餐厅,合肥市
合肥麦当劳天鹅湖万达餐厅,合肥市
合肥麦当劳新地餐厅,合肥市
合肥麦当劳之心城餐厅,合肥市
合肥麦当劳肥东餐厅,合肥市
合肥麦当劳肥西餐厅,合肥市
合肥麦当劳绿地餐厅,合肥市
合肥麦当劳宿松路DT餐厅,合肥市
合肥翡翠路星达城餐厅,合肥市
合肥麦当劳保利东郡餐厅,合肥市
合肥麦当劳潜山路餐厅,合肥市
合肥麦当劳西藏路餐厅,合肥市
合肥麦当劳黉街餐厅,合肥市
合肥麦当劳利港餐厅,合肥市
合肥麦当劳滨湖银泰城餐厅,合肥市
合肥麦当劳肥东吾悦餐厅,合肥市
麦当劳麦乐送（长江西路奥园店）,合肥市
麦当劳麦乐送（万象汇店）,合肥市
衡阳麦当劳解放路餐厅,衡阳市
衡阳麦当劳船山餐厅,衡阳市
衡阳麦当劳中心汽车站餐厅,衡阳市
耒阳麦当劳西湖路餐厅,衡阳市
衡阳麦当劳万达广场餐厅,衡阳市
河源麦当劳河源餐厅,河源市
河源麦当劳河源永康大道餐厅,河源市
河源麦当劳中山大道餐厅,河源市
河源麦当劳香江路餐厅,河源市
河源麦当劳龙川大道餐厅,河源市
河源麦当劳十字街餐厅,河源市
河源麦当劳长塘路餐厅,河源市
河源麦当劳和平大道餐厅,河源市
菏泽麦当劳万达金街餐厅,菏泽市
菏泽麦当劳银座和谐广场餐厅,菏泽市
淮安麦当劳淮海东路餐厅,淮安市
淮安麦当劳万达餐厅,淮安市
淮北麦当劳淮海路餐厅,淮北市
亳州麦当劳光明路餐厅,淮北市
淮北麦当劳万达餐厅,淮北市
怀化麦当劳天星东路餐厅,怀化市
淮南麦当劳龙湖南路餐厅,淮南市
淮南麦当劳万达餐厅,淮南市
淮南麦当劳吾悦餐厅,淮南市
武汉麦当劳麻城摩尔城餐厅,黄冈市
黄冈麦当劳黄州万达餐厅,黄冈市
黄山麦当劳天盈餐厅,黄山市
黄石麦当劳武商购物中心餐厅,黄石市
武汉麦当劳黄石万达广场餐厅,黄石市
呼和浩特麦当劳天元餐厅,呼和浩特市
呼和浩特麦当劳中山东路餐厅,呼和浩特市
呼和浩特麦当劳新华东街餐厅,呼和浩特市
呼和浩特麦当劳摩尔城餐厅,呼和浩特市
呼和浩特麦当劳海亮广场餐厅,呼和浩特市
通辽麦当劳万达餐厅,呼和浩特市
呼和浩特麦当劳车站西街餐厅,呼和浩特市
呼和浩特麦当劳回民区万达餐厅,呼和浩特市
呼和浩特麦当劳凯元广场餐厅,呼和浩特市
呼和浩特麦当劳七巧国儿童中心餐厅,呼和浩特市
呼和浩特麦当劳金厦广场餐厅,呼和浩特市
呼和浩特麦当劳国际广场餐厅,呼和浩特市
呼和浩特麦当劳维多利万悦城餐厅,呼和浩特市
惠州麦当劳丽日餐厅,惠州市
东莞麦当劳横沥餐厅,惠州市
惠州麦当劳南坛餐厅,惠州市
惠州麦当劳世贸餐厅,惠州市
惠州麦当劳淡水得来速餐厅,惠州市
惠州麦当劳演达路餐厅,惠州市
惠州麦当劳仲恺得来速餐厅,惠州市
惠州麦当劳博罗园洲餐厅,惠州市
惠州麦当劳东湖西路餐厅,惠州市
惠州麦当劳博罗餐厅,惠州市
惠州麦当劳华贸餐厅,惠州市
惠州麦当劳鹅岭北路餐厅,惠州市
惠州麦当劳惠州大道餐厅,惠州市
惠州麦当劳新圩餐厅,惠州市
惠州麦当劳惠东餐厅,惠州市
惠州麦当劳惠南大道餐厅,惠州市
惠州麦当劳仲恺五路餐厅,惠州市
惠州麦当劳大亚湾万达餐厅,惠州市
惠州麦当劳水口得来速餐厅,惠州市
惠州麦当劳中兴北路得来速餐厅,惠州市
惠州麦当劳大亚湾龙光城餐厅,惠州市
惠州麦当劳开城大道得来速餐厅,惠州市
惠州麦当劳中洲天御餐厅,惠州市
惠州麦当劳璟都大厦餐厅,惠州市
麦当劳麦乐送（灿邦新天地店）,惠州市
葫芦岛麦当劳宏运商厦餐厅,葫芦岛市
呼伦贝尔麦当劳海拉尔胜利大街餐厅,呼伦贝尔市
湖州麦当劳观凤餐厅,湖州市
湖州麦当劳安吉胜利餐厅,湖州市
湖州麦当劳东吴广场商业街银泰城餐厅,湖州市
湖州麦当劳梅地亚餐厅,湖州市
湖州麦当劳南浔浙北人瑞大厦餐厅,湖州市
湖州麦当劳志成路餐厅,湖州市
湖州麦当劳绿城九汇城餐厅,湖州市
台山麦当劳台山餐厅,江门市
江门麦当劳东湖餐厅,江门市
江门麦当劳大新路餐厅,江门市
江门麦当劳台山环市路餐厅,江门市
江门麦当劳新会大道得来速餐厅,江门市
江门麦当劳建设路得来速餐厅,江门市
江门麦当劳白石大道餐厅,江门市
江门麦当劳万达餐厅,江门市
江门麦当劳新会万达餐厅,江门市
江门麦当劳恩平沿江东路餐厅,江门市
江门麦当劳北环路DT餐厅,江门市
江门麦当劳东海路得来速餐厅,江门市
吉安麦当劳井冈山大道餐厅,吉安市
焦作麦当劳解放路餐厅,焦作市
焦作麦当劳万达餐厅,焦作市
嘉兴麦当劳中山路餐厅,嘉兴市
嘉兴麦当劳桐乡润丰餐厅,嘉兴市
嘉兴麦当劳摩尔餐厅,嘉兴市
嘉兴麦当劳海宁银泰城餐厅,嘉兴市
嘉兴麦当劳万达广场餐厅,嘉兴市
嘉兴麦当劳泰富DT餐厅,嘉兴市
嘉兴麦当劳嘉善银泰餐厅,嘉兴市
嘉兴麦当劳海宁人民广场餐厅,嘉兴市
嘉兴麦当劳圣元广场餐厅,嘉兴市
揭阳麦当劳进贤门分餐厅,揭阳市
普宁麦当劳餐厅,揭阳市
揭阳麦当劳普宁得来速餐厅,揭阳市
揭阳麦当劳普宁广场餐厅,揭阳市
揭阳麦当劳阳美路餐厅,揭阳市
揭阳麦当劳揭东大道餐厅,揭阳市
济南麦当劳人民商场餐厅,济南市
济南麦当劳文化路餐厅,济南市
济南麦当劳山大路餐厅,济南市
济南麦当劳纬六路餐厅,济南市
济南麦当劳营市东街餐厅,济南市
济南麦当劳济泺路餐厅,济南市
济南麦当劳玉函路餐厅,济南市
济南麦当劳经十路餐厅,济南市
济南麦当劳章丘双山DT餐厅,济南市
济南麦当劳山大路2餐厅,济南市
济南麦当劳银荷大厦餐厅,济南市
济南麦当劳文化西路餐厅,济南市
济南麦当劳章丘汇泉路餐厅,济南市
济南麦当劳泺口餐厅,济南市
济南麦当劳万科城餐厅,济南市
济南麦当劳嘉华餐厅,济南市
济南麦当劳汉峪金谷餐厅,济南市
济南麦当劳贵和购物中心B1餐厅,济南市
济南麦当劳万虹餐厅,济南市
济南麦当劳欧亚大观餐厅,济南市
山西麦当劳晋城新市西街餐厅,晋城市
山西麦当劳晋城文昌东街餐厅,晋城市
景德镇麦当劳朝阳路餐厅,景德镇市
武汉麦当劳荆门东方餐厅,荆门市
湖北麦当劳荆门星球世界城餐厅,荆门市
湖北麦当劳沙市江津餐厅,荆州市
武汉麦当劳洪湖购物公园餐厅,荆州市
湖北麦当劳荆州万达餐厅,荆州市
湖北麦当劳荆州聚珍园餐厅,荆州市
金华麦当劳永康胜利餐厅,金华市
义乌麦当劳稠州北路宾王餐厅,金华市
金华麦当劳万达广场餐厅,金华市
义乌麦当劳江东中路有加利餐厅,金华市
义乌麦当劳望道路世纪联华购物餐厅,金华市
义乌麦当劳义乌之心餐厅,金华市
东阳麦当劳银泰城餐厅,金华市
金华麦当劳金华商城餐厅,金华市
义乌麦当劳世茂中心餐厅,金华市
金华麦当劳人民广场餐厅,金华市
义乌麦当劳城中中路餐厅,金华市
金华麦当劳颐高餐厅,金华市
济宁麦当劳运河城餐厅,济宁市
济宁麦当劳万达广场餐厅,济宁市
泉州麦当劳鸿江中路餐厅,晋江市
山西麦当劳平遥顺城路餐厅,晋中市
山西麦当劳榆次安宁街餐厅,晋中市
晋中麦当劳大学城田森汇餐厅,晋中市
锦州麦当劳科技路万达餐厅,锦州市
锦州麦当劳中央大街茂业餐厅,锦州市
开封麦当劳万博时代广场餐厅,开封市
开封麦当劳万达广场餐厅,开封市
昆明麦当劳春城得来速餐厅,昆明市
昆明麦当劳关兴路得来速餐厅,昆明市
昆明麦当劳十里长街得来速餐厅,昆明市
昆明麦当劳雨花餐厅,昆明市
莱芜麦当劳茂业天地餐厅,莱芜市
廊坊麦当劳廊坊餐厅,廊坊市
河北麦当劳三河餐厅,廊坊市
廊坊麦当劳神威北路餐厅,廊坊市
河北麦当劳霸州兴华路餐厅,廊坊市
廊坊麦当劳永华道餐厅,廊坊市
廊坊麦当劳大城津保路餐厅,廊坊市
廊坊麦当劳和平路餐厅,廊坊市
廊坊麦当劳胜芳芳津道餐厅,廊坊市
廊坊麦当劳固安新昌街餐厅,廊坊市
廊坊麦当劳广阳道餐厅,廊坊市
廊坊麦当劳香河新开街餐厅,廊坊市
廊坊麦当劳燕郊迎宾路餐厅,廊坊市
廊坊麦当劳北凤道餐厅,廊坊市
廊坊麦当劳爱民道餐厅,廊坊市
廊坊麦当劳祥云道餐厅,廊坊市
兰州麦当劳张掖路餐厅,兰州市
兰州麦当劳瑞德摩尔餐厅,兰州市
兰州麦当劳虹盛商厦餐厅,兰州市
兰州麦当劳时尚百盛餐厅,兰州市
兰州麦当劳西太华餐厅,兰州市
兰州麦当劳倚能假日餐厅,兰州市
兰州麦当劳西单餐厅,兰州市
兰州麦当劳瑞岭国际餐厅,兰州市
四川麦当劳乐山万达广场餐厅,乐山市
四川麦当劳峨眉山华地财富广场餐厅,乐山市
连云港麦当劳时代餐厅,连云港市
连云港麦当劳万达餐厅,连云港市
聊城麦当劳金鼎餐厅,聊城市
辽阳麦当劳新运大街万达餐厅,辽阳市
山西麦当劳临汾餐厅,临汾市
陵水麦当劳海韵广场餐厅,陵水黎族自治县
临沂麦当劳沂蒙餐厅,临沂市
临沂麦当劳吾悦广场餐厅,临沂市
麦当劳麦乐送（临沂万达店）,临沂市
丽水麦当劳中山餐厅,丽水市
丽水麦当劳松阳松州广场餐厅,丽水市
六安麦当劳梅山路餐厅,六安市
六盘水麦当劳万达餐厅,六盘水市
柳州麦当劳东都餐厅,柳州市
柳州麦当劳鱼峰餐厅,柳州市
柳州麦当劳步步高餐厅,柳州市
柳州麦当劳阳光100餐厅,柳州市
柳州麦当劳颐华城餐厅,柳州市
柳州麦当劳金绿洲餐厅,柳州市
柳州麦当劳东环大道餐厅,柳州市
柳州麦当劳柳邕路餐厅,柳州市
龙岩麦当劳龙岩麒丰餐厅,龙岩市
龙岩麦当劳龙岩莲南路餐厅,龙岩市
龙岩麦当劳龙岩大道餐厅,龙岩市
漯河麦当劳千盛购物广场餐厅,漯河市
洛阳麦当劳润峰餐厅,洛阳市
洛阳麦当劳王府井餐厅,洛阳市
麦当劳麦乐送（洛阳辽宁路店）,洛阳市
洛阳麦当劳建业壹号城邦餐厅,洛阳市
四川麦当劳泸州汇通餐厅,泸州市
四川麦当劳蜀泸大道餐厅,泸州市
泸州麦当劳万达广场餐厅,泸州市
四川麦当劳泸县玉蟾大道餐厅,泸州市
四川麦当劳泸州蓝安路餐厅,泸州市
吕梁麦当劳孝义府前街天福广场餐厅,吕梁市
马鞍山麦当劳湖东路餐厅,马鞍山市
马鞍山麦当劳万达餐厅,马鞍山市
马鞍山麦当劳江东大道餐厅,马鞍山市
茂名麦当劳明湖餐厅,茂名市
高州麦当劳高凉中路餐厅,茂名市
茂名麦当劳电白餐厅,茂名市
茂名麦当劳西粤中路餐厅,茂名市
化州麦当劳北京西路餐厅,茂名市
茂名麦当劳双山六路餐厅,茂名市
信宜麦当劳人民南路餐厅,茂名市
茂名麦当劳光华南路餐厅,茂名市
眉山麦当劳文忠街餐厅,眉山市
兴宁麦当劳兴宁餐厅,梅州市
梅州麦当劳餐厅,梅州市
梅州麦当劳梅州科技路餐厅,梅州市
梅州麦当劳市政大道餐厅,梅州市
绵阳麦当劳兴达餐厅,绵阳市
四川麦当劳绵阳万达广场餐厅,绵阳市
绵阳麦当劳新世界百货餐厅,绵阳市
绵阳麦当劳三江大道餐厅,绵阳市
四川麦当劳绵阳东津路餐厅,绵阳市
绵阳麦当劳绵兴东路餐厅,绵阳市
南昌麦当劳象山餐厅,南昌市
南昌麦当劳二七路餐厅,南昌市
南昌麦当劳广场南路餐厅,南昌市
南昌麦当劳凤凰中大道餐厅,南昌市
南昌麦当劳奥体天虹餐厅,南昌市
南昌麦当劳新建长征西路餐厅,南昌市
南昌麦当劳云锦路餐厅,南昌市
南昌麦当劳丰和南大道得来速餐厅,南昌市
南昌麦当劳东岳大道COCO悦城餐厅,南昌市
南昌麦当劳会展路餐厅,南昌市
南充麦当劳五星花园餐厅,南充市
南充麦当劳环路北段餐厅,南充市
四川麦当劳南充市潆华南路餐厅,南充市
南京麦当劳宁海路餐厅,南京市
南京麦当劳新城餐厅,南京市
南京麦当劳大钟亭餐厅,南京市
南京麦当劳三牌楼餐厅,南京市
南京麦当劳玉桥餐厅,南京市
南京麦当劳大桥南路餐厅,南京市
南京麦当劳紫金华联餐厅,南京市
南京麦当劳瑞金五龙餐厅,南京市
南京麦当劳洪武餐厅,南京市
南京麦当劳江宁大市口餐厅,南京市
南京麦当劳珍珠桥餐厅,南京市
南京麦当劳火车站餐厅,南京市
南京麦当劳仙林亚东城得来速餐厅,南京市
南京麦当劳应天西路餐厅,南京市
南京麦当劳浦珠得来速餐厅,南京市
南京麦当劳汉中路餐厅,南京市
南京麦当劳汉中门大街餐厅,南京市
南京麦当劳六合龙津路餐厅,南京市
南京麦当劳南京南站餐厅,南京市
南京麦当劳文鼎广场餐厅,南京市
南京麦当劳水西门大街餐厅,南京市
南京麦当劳虹悦城餐厅,南京市
南京麦当劳迈皋桥地铁站餐厅,南京市
南京麦当劳苍山路餐厅,南京市
南京麦当劳竹山路餐厅,南京市
南京麦当劳天元东路餐厅,南京市
南京麦当劳招商花园城餐厅,南京市
南京麦当劳中山陵餐厅,南京市
南京麦当劳长乐路餐厅,南京市
南京麦当劳黄山路餐厅,南京市
南京麦当劳仙鹤门餐厅,南京市
南京麦当劳景枫广场餐厅,南京市
南京麦当劳柳州东路地铁站餐厅,南京市
南京麦当劳武定门地铁站餐厅,南京市
南京麦当劳龙园西路餐厅,南京市
南京麦当劳万达茂餐厅,南京市
南京麦当劳西善桥陇淮路餐厅,南京市
南京麦当劳高淳地铁站餐厅,南京市
南京麦当劳龙华路餐厅,南京市
南京麦当劳成贤学院餐厅,南京市
南京麦当劳雨花世茂餐厅,南京市
南京麦当劳五塘广场地铁站餐厅,南京市
南京麦当劳溧水时代万彩餐厅,南京市
南京麦当劳工业大学地铁站餐厅,南京市
南京麦当劳夫子庙状元楼餐厅,南京市
南宁麦当劳新朝阳餐厅,南宁市
南宁麦当劳汇东国际餐厅,南宁市
南宁麦当劳金湖餐厅,南宁市
南宁麦当劳白沙大道得来速餐厅,南宁市
南宁麦当劳普罗餐厅,南宁市
南宁麦当劳南方餐厅,南宁市
南宁麦当劳北湖得来速餐厅,南宁市
南宁麦当劳华成得来速餐厅,南宁市
南宁麦当劳淡村餐厅,南宁市
南宁麦当劳新阳餐厅,南宁市
南宁麦当劳西大地铁餐厅,南宁市
南宁麦当劳安吉万达餐厅,南宁市
南宁麦当劳合作路餐厅,南宁市
南宁麦当劳文化宫餐厅,南宁市
南宁麦当劳金川路餐厅,南宁市
南宁麦当劳青秀万达餐厅,南宁市
南宁麦当劳明秀东路餐厅,南宁市
福建麦当劳南平滨江餐厅,南平市
福建麦当劳仙凡界路餐厅,南平市
南平麦当劳建阳人民路餐厅,南平市
南平麦当劳邵武恒华财富广场餐厅,南平市
启东麦当劳人民路餐厅,南通市
南通麦当劳桃园路餐厅,南通市
南通麦当劳海门解放路餐厅,南通市
南通麦当劳印象城餐厅,南通市
南通麦当劳永旺梦乐城餐厅,南通市
南通麦当劳通州万达餐厅,南通市
南通麦当劳海门龙信广场餐厅,南通市
南阳麦当劳世纪百货餐厅,南阳市
宁波麦当劳金光餐厅,宁波市
余姚麦当劳阳明餐厅,宁波市
宁波麦当劳鄞州万达餐厅,宁波市
宁波麦当劳江北万达餐厅,宁波市
余姚麦当劳万达餐厅,宁波市
宁波麦当劳国骅大厦餐厅,宁波市
宁波麦当劳鼓楼步行街餐厅,宁波市
宁波麦当劳北仑泰山路银泰餐厅,宁波市
宁波麦当劳华润万家餐厅,宁波市
宁波麦当劳宁海桃源中路餐厅,宁波市
宁波麦当劳宏泰DT餐厅,宁波市
宁波麦当劳姜山海港城餐厅,宁波市
宁波麦当劳嵩江中路和邦大厦餐厅,宁波市
宁波麦当劳汽车南站餐厅,宁波市
宁波麦当劳金东岸餐厅,宁波市
宁波麦当劳奉化银泰城餐厅,宁波市
宁波麦当劳镇海腾日大厦餐厅,宁波市
宁波麦当劳象山石浦申菱广场餐厅,宁波市
宁波麦当劳民安东路餐厅,宁波市
宁波麦当劳彩虹北路餐厅,宁波市
福建麦当劳霞浦福宁大道餐厅,宁德市
福建麦当劳宁德闽东中路得来速餐厅,宁德市
福建麦当劳新华北路得来速餐厅,宁德市
福建麦当劳宁德学前路餐厅,宁德市
盘锦麦当劳林丰路餐厅,盘锦市
盘锦麦当劳兴隆油一城餐厅,盘锦市
平顶山麦当劳中原餐厅,平顶山市
